,gauge_id,gauge_lat,gauge_lon,elev_mean,slope_mean,area_gages2,area_geospa_fabric
0,1013500,47.237390000000005,-68.58264,250.31,21.64152,2998.3437,2303.95
1,1022500,44.60797,-67.93524000000001,92.68,17.79072,763.4616000000001,620.38
2,1030500,45.50097,-68.30596,143.8,12.79195,4892.982270000001,3676.09
3,1031500,45.17501,-69.3147,247.8,29.56035,1023.6055500000002,766.53
4,1047000,44.8692,-69.9551,310.38,49.92122,1210.0121000000004,904.94
5,1052500,44.877390000000005,-71.05749,615.7,60.05183,510.86442000000005,396.1
6,1054200,44.390440000000005,-70.97964,472.31,90.13951,240.88438000000002,181.33
7,1055000,44.64275,-70.58878,423.12,72.81304,333.60184000000004,251.16
8,1057000,44.30399,-70.53968,215.59,32.68445,254.11452000000003,197.7
9,1073000,43.1487,-70.96506,37.67,4.750430000000001,41.660300000000014,32.11
10,1078000,43.56646,-71.74786,346.92,49.77182,296.0942600000001,221.86
11,1118300,41.47482,-71.83424000000001,36.7,8.76539,13.789160000000004,13.71
12,1121000,41.843709999999994,-72.16897,141.54,16.99385,93.50275000000002,94.7
13,1123000,41.67177,-72.0523,120.1,17.14893,103.61835000000002,84.21
14,1134500,44.511720000000004,-71.83731,450.54,47.54354,259.71803000000006,209.5
15,1137500,44.26867,-71.63036,784.85,110.13062,304.2000500000001,238.32
16,1139000,44.15034,-72.06509,373.34,43.10796,327.8652300000001,259.5
17,1139800,44.09284,-72.33565,518.15,40.99895,30.34680000000001,24.92
18,1142500,43.934509999999996,-72.65788,346.62,46.92575,109.36827000000004,79.91
19,1144000,43.714240000000004,-72.41815,459.8,60.292609999999996,2382.8094400000004,1780.65
20,1162500,42.682590000000005,-72.11508,310.07,18.45782,66.16401000000002,77.93
21,1169000,42.63842,-72.72509000000001,374.89,49.543620000000004,306.98184000000003,233.88
22,1170100,42.70342,-72.67065,325.71,49.330909999999996,142.40369000000004,109.26
23,1181000,42.23731,-72.89565,417.93,33.2844,324.09850000000006,245.72
24,1187300,42.03732,-72.93899,309.1,38.2676,71.76752000000002,54.22
25,1195100,41.30593,-72.5312,19.17,7.9307,19.752040000000004,15.96
26,1333000,42.70897,-73.19677,485.91,74.78725,149.28496000000004,111.5
27,1350000,42.31953,-74.43654000000001,612.78,88.25169,815.2508100000002,614.25
28,1350080,42.37703,-74.41292,587.35,60.00338000000001,111.59104000000004,89.57
29,1350140,42.42897,-74.47293,579.74,61.8248,58.244560000000014,47.57
30,1365000,41.866479999999996,-74.4871,465.17,51.872679999999995,132.52767000000003,102.57
31,1411300,39.306940000000004,-74.82056,15.25,2.0326,105.57492,79.37
32,1413500,42.14481,-74.65349,724.51,69.6517,564.4771000000001,434.0
33,1414500,42.1062,-74.73043,775.58,59.57585,85.78295000000001,67.08
34,1415000,42.120090000000005,-74.81849,604.34,64.53263000000001,113.97353000000001,86.68
35,1423000,42.1662,-75.13989000000001,593.67,49.86765,1144.2340800000002,861.78
36,1434025,41.99537,-74.50099,729.33,59.4071,12.9107,9.9
37,1435000,41.89009,-74.58988000000001,560.05,54.944919999999996,229.54426000000007,183.31
38,1439500,41.08815,-75.03766999999999,307.06,22.259870000000003,407.1262800000001,306.09
39,1440000,41.10667,-74.95222,234.2,28.80165,223.23532000000006,171.56
40,1440400,41.08481,-75.21462,334.06,26.46515,233.20451000000008,178.98
41,1451800,40.66176,-75.62685,180.41,14.8941,180.80304000000004,149.11
42,1466500,39.885,-74.50528,38.94,2.53456,7.160780000000001,6.25
43,1484100,38.90578,-75.51275,17.97,1.03721,11.979000000000001,9.66
44,1485500,38.22892,-75.47144,15.46,1.6686400000000001,188.38974000000005,112.98
45,1486000,38.21389,-75.67139,10.21,1.47125,14.880580000000002,15.99
46,1487000,38.72833,-75.56186,13.84,1.09998,249.44271000000003,187.18
47,1491000,38.99719,-75.78581,18.54,1.4194799999999999,388.7052400000001,291.8
48,1510000,42.54118,-75.89964,482.21,28.764229999999998,509.75969000000015,382.92
49,1516500,41.79091,-77.01469,634.59,29.79686,41.89988,31.56
50,1518862,41.92313,-77.53193,600.87,37.28156,311.33421000000016,234.49
51,1532000,41.70702,-76.48467,507.14,40.91626,737.2941400000001,556.68
52,1539000,41.078140000000005,-76.43106,333.75,32.47937,934.0691800000003,705.22
53,1542810,41.57895,-78.29251,492.7,45.55723,18.128220000000006,13.58
54,1543000,41.4134,-78.19695,543.37,36.53752,939.0205000000003,704.47
55,1543500,41.31728,-78.10306,547.44,31.282320000000002,2366.8640600000003,1778.96
56,1544500,41.4759,-77.82582,551.6,36.26274,472.58486000000016,363.08
57,1545600,41.389509999999994,-77.69082,518.97,53.683119999999995,159.72000000000003,123.62
58,1547700,41.059509999999996,-77.60583000000001,353.57,43.0263,151.12174000000005,115.19
59,1548500,41.52174,-77.44748,546.71,39.14167,2072.4335500000007,1557.98
60,1549500,41.47368,-77.23080999999999,528.16,32.39343,129.75919000000002,98.91
61,1550000,41.418409999999994,-77.03275,455.41,46.28526,602.5170800000002,456.32
62,1552000,41.32508,-76.91246,461.43,37.27533,1503.3511900000003,1129.55
63,1552500,41.35702,-76.53466999999999,535.24,46.46363,80.71184000000001,62.06
64,1557500,40.68367,-78.23362,389.99,38.17147,153.46430000000004,117.78
65,1567500,40.37092,-77.40221,314.48,46.47316,51.60287000000002,39.5
66,1568000,40.32342,-77.16887,265.52,34.52646,711.2730900000001,536.4
67,1580000,39.62997,-76.40331,174.3,12.44242,325.2564700000001,246.96
68,1583500,39.51078,-76.6765,156.32,13.67585,207.43635000000003,163.42
69,1586610,39.45189,-76.95531,196.88,11.85286,96.76370000000004,72.81
70,1591400,39.25597,-77.05105999999999,149.21,7.791460000000001,78.64879000000003,59.61
71,1594950,39.27669,-79.39031,899.82,37.38218,8.145720000000003,6.1
72,1596500,39.57006,-79.10194,663.42,53.966840000000005,165.90915,127.51
73,1605500,38.635670000000005,-79.33782,856.86,70.44106,617.3843500000002,474.38
74,1606500,38.99122,-79.17586999999999,836.38,75.86214,2242.1360500000005,1686.61
75,1613050,39.89842,-78.13223,261.6,35.54433,37.13490000000001,27.96
76,1620500,38.33763,-79.24004000000001,786.35,74.979,59.548940000000016,61.34
77,1632000,38.63706,-78.8528,543.76,51.70815,723.2121600000002,547.28
78,1632900,38.69345,-78.64279,417.29,48.62437,326.1615500000001,249.2
79,1634500,39.08122,-78.32945,344.44,47.4082,351.3573800000001,264.49
80,1638480,39.25455,-77.57638,155.98,16.887970000000003,308.79200000000003,233.83
81,1639500,39.612359999999995,-77.23744,198.1,11.61235,355.6165800000001,267.17
82,1644000,39.01955,-77.57749,187.25,23.95326,1143.5552700000003,859.58
83,1658500,38.587340000000005,-77.4286,97.44,6.88385,25.741540000000004,23.69
84,1664000,38.53068,-77.8136,216.1,30.32647,2136.3881000000006,1604.64
85,1666500,38.32513,-78.09555999999999,201.59,24.982870000000002,616.4526500000001,466.17
86,1667500,38.35041,-77.975,193.47,23.440260000000002,1610.1772500000004,1210.75
87,1669000,37.87708,-76.90052,42.94,4.09652,95.61904000000004,75.31
88,1669520,37.63375,-76.69635,25.42,4.97296,369.2060900000001,277.68
89,2011400,38.04235,-79.88144,783.86,73.92744,542.6753200000002,409.88
90,2011460,38.2454,-79.76866,878.38,77.10338,208.08854000000005,235.86
91,2013000,37.8029,-80.047,691.82,70.85988,565.3821800000001,436.13
92,2014000,37.729009999999995,-80.04228,691.04,73.63034,528.1141800000001,397.25
93,2015700,38.1954,-79.57032,753.52,68.72646,379.88071000000014,286.33
94,2016000,37.7918,-79.75949,645.04,66.42056,1589.9460500000005,1194.92
95,2017500,37.506240000000005,-80.10670999999999,695.27,69.63081,367.55565,285.79
96,2018000,37.66596,-79.91144,648.68,66.96658000000001,1134.4645400000004,852.53
97,2027000,37.71542,-78.98169,387.44,57.5512,320.4648700000001,241.31
98,2027500,37.70236,-79.02752,350.53,52.515640000000005,164.16554000000005,127.87
99,2028500,37.86959,-78.82335,377.48,66.86825999999999,326.69395000000003,246.19
100,2038850,37.415420000000005,-78.63584,176.41,9.80131,29.282000000000007,23.8
101,2046000,37.06709,-77.60249,86.64,6.04481,384.0201200000001,290.88
102,2051000,36.997370000000004,-78.34971999999999,151.02,7.4999899999999995,192.75542000000002,145.1
103,2051500,36.716809999999995,-77.83166,113.4,6.85615,1901.6130100000005,1432.41
104,2053200,36.37083,-77.02556,25.28,2.20328,776.8514600000002,581.6
105,2053800,37.14013,-80.26643,705.68,36.16538,373.6383200000001,288.52
106,2055100,37.417629999999996,-79.93531999999999,399.99,38.790420000000005,40.648740000000004,33.33
107,2056900,37.04514,-79.8442,423.07,33.49522,396.78441000000015,299.46
108,2059500,37.1732,-79.52031,319.14,27.0257,646.0807100000002,486.46
109,2064000,37.12681,-78.95974,192.21,9.95686,569.3618700000001,427.98
110,2065500,37.07931,-78.76361999999999,170.09,10.06294,336.1839800000001,252.75
111,2069700,36.57097,-80.12949,372.62,23.01829,294.32403000000005,228.68
112,2070000,36.56819,-79.98725999999999,308.66,12.22606,360.18191000000013,279.27
113,2074500,36.61958,-79.50419000000001,223.3,10.70863,384.03343000000007,288.79
114,2077200,36.39778,-79.19667,194.0,7.08453,161.96939000000003,126.34
115,2081500,36.19417,-78.58306,132.21,6.46534,570.1604700000001,432.82
116,2082950,36.18333,-77.87611,79.77,6.54582,613.3913500000002,461.92
117,2092500,35.064170000000004,-77.46139000000001,21.88,2.5707400000000002,595.7289800000001,435.17
118,2096846,35.98722,-79.20611,182.85,7.73462,26.047670000000007,19.58
119,2102908,35.18278,-79.1775,106.88,10.481589999999999,26.260630000000006,20.06
120,2108000,34.82889,-77.83221999999999,31.61,3.1402799999999997,2088.9778800000004,1550.74
121,2111180,36.07139,-81.40306,551.06,56.429930000000006,174.98657000000003,130.87
122,2111500,36.175,-81.16889,454.02,35.95807,311.00146000000007,233.35
123,2112120,36.25028,-81.04444000000001,460.03,35.93547,428.94137000000006,329.79
124,2112360,36.31139,-80.80722,405.86,23.718320000000002,273.2543000000001,206.82
125,2118500,36.00056,-80.74556,336.82,18.174670000000003,533.1054300000001,400.53
126,2125000,35.334720000000004,-80.33556,190.23,9.32187,192.39605000000006,145.07
127,2128000,35.38722,-79.83139,195.23,8.97028,364.0018800000001,271.99
128,2137727,35.685829999999996,-82.06028,602.18,65.11036999999999,438.6177400000001,329.3
129,2140991,35.83361,-81.71194,529.42,43.76522,694.7686900000001,522.11
130,2143000,35.68444,-81.40333000000001,399.35,27.070840000000004,288.3877700000001,222.1
131,2143040,35.59069,-81.56704,411.33,33.1444,88.48488000000003,68.19
132,2149000,35.42345,-82.1115,403.91,39.546240000000004,271.32435000000004,203.73
133,2152100,35.49306,-81.68222,414.31,40.11642,206.29169000000007,156.68
134,2177000,34.81398,-83.30599000000001,705.59,47.86459,701.1308700000001,527.23
135,2178400,34.890370000000004,-83.53044,797.91,59.8088,201.35368000000005,152.12
136,2193340,33.682629999999996,-82.85792,167.93,7.49879,116.95497000000003,89.61
137,2196000,33.7293,-82.18179,142.19,7.2448,1874.5537800000006,1408.7
138,2198100,32.93766,-81.81539000000001,83.45,5.25896,105.80119000000003,79.75
139,2202600,32.16798,-81.48817,34.93,2.40016,785.9155700000002,623.34
140,2212600,33.09985,-83.72351,159.45,7.25507,250.17476000000008,189.79
141,2215100,32.23944,-83.50166999999999,113.08,4.533519999999999,559.4059900000002,425.51
142,2216180,31.991390000000003,-82.92194,83.53,5.30253,171.84541000000004,128.08
143,2221525,33.252359999999996,-83.48128,176.01,7.551769999999999,653.2548000000003,493.28
144,2231000,30.35885,-82.0815,38.71,2.187,2327.0804700000003,1857.37
145,2231342,27.56865,-80.79616999999999,21.9,0.9460200000000001,148.48636000000002,193.78
146,2235200,28.87453,-81.48938000000001,26.25,3.67575,396.23870000000005,300.67
147,2245500,29.979409999999998,-81.85204,41.45,4.14377,463.7603300000001,351.1
148,2246000,30.1133,-81.90649,34.57,4.00959,600.3608600000002,451.22
149,2296500,27.375040000000002,-81.79647,31.23,1.71633,1179.7984000000001,892.24
150,2297155,27.48726,-82.02342,35.51,1.24624,124.58160000000002,97.92
151,2297310,27.19949,-81.98841999999999,25.71,1.18116,703.2737800000001,537.07
152,2298123,27.052,-81.78453,21.75,0.82221,719.6051500000002,541.3
153,2298608,27.343659999999996,-82.15675999999999,22.79,1.6186,415.7245400000001,313.85
154,2299950,27.47365,-82.2112,33.67,1.61485,231.95337000000006,176.8
155,2300700,27.791970000000003,-82.35204,25.46,2.8866099999999997,98.28104000000003,85.85
156,2310947,28.31195,-82.05591,42.23,1.8791099999999998,864.5643600000002,581.55
157,2312200,28.572770000000002,-82.15536,34.11,1.64182,550.3418800000002,466.7
158,2314500,30.680559999999996,-82.56056,42.05,1.56449,4421.781650000001,2808.45
159,2315500,30.325779999999998,-82.73818,39.99,2.02123,8167.362060000002,5915.63
160,2324400,30.09827,-83.47180999999999,31.14,0.92155,234.61537000000007,210.24
161,2327100,30.12937,-84.49435,25.14,1.56064,360.86072000000013,299.93
162,2342933,32.01766,-85.29576999999999,127.7,7.99022,386.1231000000002,290.04
163,2349900,32.19556,-83.90222,116.19,3.4110400000000003,163.53997000000004,124.29
164,2350900,31.764440000000004,-84.25333,139.77,6.74759,1816.9747200000004,1365.59
165,2361000,31.34295,-85.61049,117.14,8.270389999999999,2371.3229100000003,1779.3
166,2363000,31.594890000000003,-85.78299999999999,135.39,7.57689,1720.3308100000006,1292.62
167,2369800,31.02768,-86.70996,72.29,4.2203,302.8158100000001,231.14
168,2371500,31.5735,-86.25161999999999,125.86,7.4260399999999995,1720.7034900000006,1257.42
169,2372250,31.59627,-86.40552,122.94,7.29973,1524.2878200000005,1145.56
170,2374500,31.4185,-86.98664000000001,109.86,7.408919999999999,593.2533200000001,458.23
171,2381600,34.570370000000004,-84.46882,512.02,35.2973,13.735920000000005,10.33
172,2384540,34.87202,-84.72133000000001,499.46,93.55977,28.44347000000001,22.13
173,2395120,34.242779999999996,-84.88972,250.6,9.60933,111.81731000000003,85.27
174,2408540,32.91679,-86.27025,242.26,15.575520000000001,908.2877100000002,683.86
175,2415000,33.066790000000005,-85.87913,270.56,12.252369999999999,654.0267800000001,491.75
176,2422500,32.58291,-86.9036,144.84,11.05647,702.1690500000001,599.95
177,2427250,31.996259999999996,-87.06832,102.61,6.93052,898.7444400000003,680.64
178,2430085,34.46667,-88.28361,150.01,6.729839999999999,53.985360000000014,40.73
179,2430615,34.3925,-88.355,132.82,6.11799,38.21301000000001,32.52
180,2450250,34.285379999999996,-87.39891,254.92,12.27321,308.5657300000001,242.69
181,2464000,33.479279999999996,-87.59723000000001,143.69,9.665989999999999,770.5691400000002,581.79
182,2464146,33.41345,-87.51056,140.81,9.049389999999999,21.056420000000003,15.84
183,2464360,33.42484,-87.64251,114.12,8.63619,197.81322000000006,148.99
184,2465493,32.99735,-87.62223,101.5,9.539660000000001,111.03202000000003,86.62
185,2469800,31.744320000000002,-88.02251,78.13,9.864419999999999,562.5870800000001,422.88
186,2472000,31.706940000000003,-89.40694,123.24,6.766539999999999,2565.010030000001,1927.67
187,2472500,31.425829999999998,-89.41471999999999,113.73,6.76541,1051.4101400000002,789.45
188,2479155,31.02528,-89.01666999999999,70.21,6.65609,182.71968000000004,138.17
189,2479300,30.736109999999996,-88.78111,65.19,5.84957,1522.9302000000002,1153.42
190,2479560,30.809079999999998,-88.45863,64.68,6.14661,1935.7132300000005,1455.83
191,2481000,30.558609999999998,-89.12194000000001,51.66,5.61014,331.72513000000004,250.49
192,2481510,30.48361,-89.27444,64.0,5.13464,1065.67846,801.48
193,3010655,41.961729999999996,-78.19807,635.06,32.95227,338.6596400000001,255.12
194,3011800,41.76645,-78.71864000000001,628.71,19.77674,133.2331,101.16
195,3015500,41.85256,-79.31727,492.56,22.04748,1044.6353500000002,831.39
196,3021350,42.01533,-79.78255,485.4,20.02559,319.0007700000001,249.0
197,3026500,41.631170000000004,-78.57669,577.23,15.82974,27.032610000000005,20.33
198,3028000,41.575340000000004,-78.69225,569.02,18.29113,214.43741000000006,166.22
199,3049000,40.7159,-79.69949,365.27,16.00521,475.3666500000001,356.44
200,3049800,40.52035,-79.93811,296.6,21.305229999999998,19.818590000000004,16.0
201,3050000,38.80927,-79.88173,998.82,65.76346,648.5829900000003,489.49
202,3066000,39.12705,-79.46838000000001,1072.01,68.69899000000001,296.5334900000001,225.23
203,3069500,39.12288,-79.68117,961.46,63.793040000000005,2471.4673500000004,1853.2
204,3070500,39.61564,-79.70477,599.73,30.193920000000002,688.6327800000003,518.44
205,3076600,39.65614,-79.39411,795.46,21.46688,169.56940000000003,128.33
206,3078000,39.70219,-79.13639,767.06,30.57341,214.92988000000005,165.17
207,3140000,40.36285,-81.86236,287.7,15.82284,93.63585000000002,71.31
208,3144000,40.13257,-82.14792,292.28,13.110710000000001,483.6987100000001,365.1
209,3159540,39.06369,-81.8818,232.8,10.08158,533.5313500000002,400.87
210,3161000,36.39333,-81.40694,834.21,57.20214,702.5816600000002,533.63
211,3164000,36.64735,-80.97896999999999,766.6,45.80251,3930.096940000001,2963.7
212,3165000,36.645959999999995,-80.91924,707.63,45.4663,135.76200000000003,117.5
213,3170000,37.03763,-80.55672,713.74,32.96335,1057.6658400000003,800.06
214,3173000,37.26818,-80.70951,750.95,46.983509999999995,1029.2889200000004,775.84
215,3180500,38.54373,-79.83312,1057.03,44.262440000000005,459.2748600000001,346.48
216,3182500,38.18595,-80.13062,934.51,59.7077,1816.7750700000006,1364.86
217,3186500,38.379,-80.48397,1057.61,61.17799,438.8040800000001,332.11
218,3187500,38.295390000000005,-80.52648,1061.95,60.180609999999994,276.06271000000004,207.99
219,3213700,37.673159999999996,-82.28014,611.92,37.9826,3227.754860000001,2431.37
220,3237280,38.64369,-83.21574,248.51,31.52585,43.85645000000002,33.22
221,3237500,38.80368,-83.42102,272.36,14.223020000000002,1335.2725100000002,1001.42
222,3238500,38.858129999999996,-83.92854,285.37,7.5191,756.6735000000002,564.16
223,3241500,39.722840000000005,-83.88271,319.84,3.27837,227.48121000000003,173.48
224,3280700,37.16509,-83.30796,540.37,28.956690000000002,210.59082,158.56
225,3281100,37.152029999999996,-83.7602,403.43,22.48228,562.6403200000002,425.25
226,3281500,37.47981,-83.67519,376.49,21.8686,2446.6708200000007,1836.71
227,3285000,37.64202,-84.66078,323.6,12.08007,1094.5345400000003,823.29
228,3291780,38.87811,-85.25718,249.83,14.47984,95.04671000000002,71.52
229,3300400,37.832840000000004,-85.29607,254.43,9.33197,1502.1399800000004,1128.54
230,3338780,40.26531,-87.6428,213.25,3.19469,920.4663600000002,691.76
231,3340800,39.81255,-86.9539,268.15,4.37041,476.0321500000001,363.41
232,3346000,39.010040000000004,-87.94559,173.5,2.57944,1084.3523900000002,828.74
233,3357350,39.76171,-86.72945,258.64,5.84999,10.315250000000002,26.11
234,3364500,39.274770000000004,-85.70165,274.58,3.7961300000000002,315.5667900000001,242.41
235,3366500,38.80422,-85.67385999999999,240.19,8.504769999999999,1005.1978200000003,762.69
236,3368000,39.07033,-85.48608,264.12,4.262630000000001,39.55732000000001,32.49
237,3384450,37.47227,-88.54727,166.37,16.36598,147.91403000000003,112.28
238,3439000,35.14333,-82.82472,863.18,63.23118,237.80977000000004,178.18
239,3450000,35.653059999999996,-82.40528,891.9,105.59692,18.740480000000005,14.13
240,3455500,35.39611,-82.9375,1326.82,91.67733,97.09645000000002,71.47
241,3456500,35.46167,-82.86972,1162.13,99.95219,177.59533000000005,137.33
242,3460000,35.6675,-83.07361,1254.53,116.23586999999999,169.06362000000004,127.62
243,3463300,35.831509999999994,-82.18429,1025.66,112.34116000000002,149.28496000000004,113.16
244,3471500,36.76039,-81.63123,1023.62,69.46205,263.7509600000001,198.29
245,3473000,36.65178,-81.84401,916.29,56.64293000000001,1044.5821100000003,784.35
246,3479000,36.23917,-81.82222,1040.03,82.19102,313.5836000000001,237.77
247,3488000,36.89678,-81.74623000000001,812.91,54.05911999999999,769.5975100000002,573.75
248,3498500,35.78562,-83.8846,680.92,77.71155999999999,927.3875600000002,700.35
249,3500000,35.15,-83.37971999999999,808.87,67.89742,480.6773400000001,362.46
250,3500240,35.15889,-83.39416999999999,967.11,82.16983,194.13966000000008,148.94
251,3504000,35.1275,-83.61861,1039.71,86.43459,179.04612000000006,134.56
252,3574500,34.62425,-86.30637,337.61,47.69583,1083.1678000000002,859.22
253,3592718,34.83556,-88.28806,173.22,6.67758,89.16369000000003,67.0
254,3604000,35.495909999999995,-87.8328,269.53,10.29605,1547.9929300000003,1163.35
255,4015330,46.94688,-91.7924,337.69,19.16862,298.6098500000001,225.84
256,4024430,46.63327,-92.09408,343.48,6.933160000000001,1452.4537500000004,1094.55
257,4027000,46.48661,-90.6963,425.75,9.36771,2156.0203500000002,1547.15
258,4040500,46.584109999999995,-88.57597,497.28,8.10212,558.7937300000001,421.65
259,4043050,47.22854,-88.38539,239.41,16.9632,101.98122000000002,76.66
260,4045500,46.57502,-85.26955,236.77,6.40846,2541.66429,1967.44
261,4056500,46.03053,-86.16125,232.99,4.97773,3920.9795900000013,2984.03
262,4057510,45.943020000000004,-86.7057,228.86,4.66219,630.3216700000002,491.76
263,4057800,46.4991,-87.88651999999999,476.21,6.3961,154.22297000000003,121.98
264,4059500,45.755520000000004,-87.20152,314.09,6.07833,1576.3964700000001,1188.82
265,4063700,45.76357,-88.46318000000001,473.28,5.5832,482.5806700000001,371.32
266,4074950,45.18997,-88.73344,482.31,7.4276100000000005,1604.5604300000002,1216.29
267,4105700,42.35337,-85.35389,277.91,6.57315,130.49124000000003,100.88
268,4115265,43.249759999999995,-84.98113000000001,254.56,4.35688,127.48318000000002,96.12
269,4122200,43.46418,-86.23257,244.61,6.17213,1395.2606800000005,1022.74
270,4122500,43.945009999999996,-86.27869,270.61,7.82371,2354.791890000001,1800.63
271,4124000,44.43639,-85.69868000000001,336.67,9.92703,2986.271530000001,2288.73
272,4127918,46.18585,-84.59783,234.05,5.24337,729.7739900000001,602.47
273,4127997,45.27446,-84.60003,356.97,12.23471,648.4099600000002,504.19
274,4161580,42.80086,-83.09021,277.3,7.531289999999999,85.59661000000003,66.55
275,4185000,41.5045,-84.42967,250.64,3.32824,1416.1840000000004,1064.22
276,4196800,40.92283,-83.34881,276.66,2.52382,809.3411700000003,608.08
277,4197100,41.02228,-83.10964,298.46,2.93165,516.7075100000001,388.9
278,4197170,41.11367,-83.16825,275.04,3.32921,126.72451000000001,95.97
279,4213000,41.927,-80.60396999999999,322.72,10.20101,606.0043000000002,466.13
280,4213075,41.992,-80.29117,358.17,13.857479999999999,15.506150000000003,11.94
281,4216418,42.86395,-78.28363,533.55,22.26514,261.5015700000001,196.96
282,4221000,42.12229,-77.95721999999999,658.41,27.066290000000002,999.4212800000003,751.79
283,4224775,42.53562,-77.70416,519.45,36.93333,308.57904000000013,232.59
284,4233000,42.39313,-76.54494,434.01,40.08692,122.31890000000004,92.63
285,4256000,43.74729,-75.33435,486.49,16.946260000000002,309.3909500000001,238.28
286,4296000,44.86894,-72.2701,390.99,40.514720000000004,402.2148900000001,301.12
287,5056000,47.80555,-98.71621999999999,493.5,4.38699,6471.348620000002,5648.1
288,5057000,47.43277,-98.0276,480.87,4.08896,10092.254260000002,8136.85
289,5057200,47.22916,-98.12482,447.5,2.33897,2525.3462300000006,1900.4
290,5062500,47.26663,-96.24478,428.27,5.82564,3203.783550000001,2435.91
291,5087500,48.34109,-96.81812,306.72,1.8495,799.6914200000003,720.85
292,5120500,48.13834,-100.53986,515.77,5.85036,2009.5837300000003,1509.83
293,5123400,48.58889,-100.44208,492.06,4.5816300000000005,4267.319100000001,3220.65
294,5129115,48.26463,-92.56599,428.21,6.949960000000001,3137.9522900000006,2373.72
295,5131500,48.39578,-93.54933,413.17,5.75333,5834.451810000002,4344.13
296,5291000,45.29163,-96.48756,432.13,8.90129,1393.2641800000001,1058.82
297,5362000,45.30803,-90.95652,434.01,5.6153,1966.2729900000004,1494.31
298,5393500,45.44913,-89.97931,487.07,7.1856100000000005,293.40564000000006,225.96
299,5399500,44.821909999999995,-90.07958,408.61,4.56736,767.0553,578.57
300,5408000,43.57414,-90.64319,348.35,18.52763,917.4982300000003,689.79
301,5412500,42.73999,-91.2618,327.65,8.019169999999999,5135.277510000001,4026.17
302,5413500,42.72027,-90.81929000000001,280.29,14.29374,925.4842300000001,710.46
303,5414000,42.7311,-90.64041,291.51,11.74505,493.52149000000014,368.71
304,5444000,41.902809999999995,-89.69622,241.53,6.34198,500.9218500000002,377.29
305,5454000,41.70002,-91.48767,225.39,4.6154,87.02078000000002,68.41
306,5458000,43.03328,-92.50354,355.97,4.61454,1033.8675600000001,783.45
307,5466500,41.18698,-90.96736999999999,222.09,4.95695,1532.7396700000004,1163.86
308,5487980,41.24688,-93.26607,309.96,6.21127,1174.9136300000002,878.08
309,5488200,41.30055,-93.04548,282.37,6.566339999999999,311.7335100000001,234.94
310,5489000,41.218999999999994,-92.90853,281.38,6.43914,1284.0955600000004,974.93
311,5495000,40.39241,-91.59788,236.65,5.82876,1367.6690500000002,1029.86
312,5495500,40.14282,-91.33736999999999,203.55,4.21758,1205.3003600000002,885.73
313,5501000,39.81799,-91.5177,215.88,5.3053099999999995,1228.2867300000003,929.86
314,5503800,39.58483,-91.99349000000001,232.79,3.69705,283.02384,212.69
315,5507600,39.43143,-91.67627,232.77,1.8094700000000001,366.53078000000005,275.86
316,5508805,39.52046,-91.34275,223.69,4.6271,713.9484000000002,536.51
317,5514500,39.0088,-90.97754,226.22,7.41926,3204.2627100000004,2410.51
318,5525500,40.63004,-87.72391999999999,217.33,2.73734,1542.3095600000004,1158.24
319,5556500,41.36587,-89.49843,217.97,6.17927,672.2747900000002,507.09
320,5584500,40.33032,-90.89624,197.83,3.9167400000000003,2256.936770000001,1711.89
321,5585000,40.024770000000004,-90.63179000000001,197.96,4.56575,4464.985910000001,3371.38
322,5591550,39.5067,-88.52756,211.21,3.71276,128.05551000000003,97.12
323,5592050,39.40587,-88.89646,191.16,3.71375,338.2337200000001,260.92
324,5592575,38.93699,-88.95284000000001,176.47,1.56531,153.39775000000003,116.33
325,5593575,38.441720000000004,-89.41675,153.43,3.13593,289.71877000000006,220.52
326,5593900,39.14894,-89.35231,196.82,3.03005,193.59395000000004,145.69
327,5595730,38.25394,-89.03979,151.58,3.3651800000000005,315.1275600000001,233.33
328,6037500,44.65687,-111.06827,2412.29,37.646190000000004,1499.0387500000002,1127.58
329,6043500,45.49743,-111.27051000000002,2374.11,116.56357,2822.279020000001,2120.46
330,6154410,47.9661,-108.66071000000001,1168.62,49.82483,44.46871,47.72
331,6188000,44.92772,-110.39381000000002,2569.59,104.83955,2303.002680000001,1730.62
332,6191500,45.11188,-110.79438,2547.95,94.05816999999999,9028.958290000002,6808.28
333,6221400,43.34551,-109.41013999999998,3336.8,127.16435,303.30828,231.93
334,6224000,43.1769,-109.20291,3116.82,105.14636999999999,645.3486600000001,485.69
335,6278300,44.50802,-107.40369,2953.37,86.72681999999999,78.32935000000002,59.23
336,6280300,44.20828,-109.55488999999999,3003.52,141.18886,1056.7474500000003,793.85
337,6289000,45.00691,-107.61509,2507.99,86.42554,627.2603700000002,472.4
338,6291500,45.12644,-107.60054,2238.49,100.83533,290.1047600000001,220.72
339,6311000,44.02774,-107.08089,2515.87,41.0532,81.49713000000003,62.96
340,6332515,47.787240000000004,-102.76853,683.69,21.51406,254.87319000000008,191.55
341,6339100,47.236129999999996,-102.76991,759.27,10.76088,704.2853400000002,529.56
342,6339500,47.15445,-102.05989,711.32,10.60067,4221.213260000001,3161.84
343,6344600,47.02779,-103.05324,796.57,7.89802,535.7275000000002,408.92
344,6350000,46.42667,-102.55183000000001,833.77,7.61453,1997.8975500000004,1506.19
345,6352000,46.15417,-102.47405,840.97,7.250430000000001,1919.0757300000007,1443.13
346,6353000,46.09167,-101.33374,767.71,9.544939999999999,6024.784810000002,4605.23
347,6354000,46.37611,-100.93444000000001,743.88,9.74186,14106.190890000005,10626.74
348,6360500,45.25582,-100.84291999999999,802.48,10.51138,16843.751760000003,12601.47
349,6404000,43.87249,-103.33658,1506.1,44.57631,202.0857300000001,151.87
350,6406000,43.82805,-103.19601999999999,1337.4,35.11128,580.76854,437.52
351,6408700,44.13665,-103.85854,2018.14,35.35106,27.68480000000001,27.48
352,6409000,44.01359,-103.83048000000001,1960.28,31.3792,273.2942300000001,209.41
353,6431500,44.482479999999995,-103.86159,1889.64,36.22756,568.4701000000001,427.98
354,6440200,43.96888,-101.76709,756.84,9.79001,864.0718900000003,654.7
355,6441500,44.32665,-100.3843,683.42,12.471919999999999,10851.044050000002,8143.02
356,6447000,43.7525,-101.52486999999999,1057.12,14.409320000000001,17102.964010000003,12869.46
357,6447500,43.16667,-101.63015,1040.9,6.49678,1100.2179100000003,793.15
358,6450500,43.60139,-100.74986,912.42,10.41664,5472.100370000001,4074.44
359,6452000,43.748329999999996,-99.55649,923.24,12.73758,34327.87424000001,25817.78
360,6453600,42.810990000000004,-98.17586,569.46,12.77542,2796.990020000001,2104.33
361,6464500,43.028890000000004,-99.78067,768.53,9.079239999999999,3878.587240000001,2924.68
362,6468170,47.55805,-98.86289000000001,516.41,4.68375,3738.912100000001,2833.13
363,6468250,47.39972,-98.79760999999999,508.66,4.53343,4315.913910000001,3247.76
364,6470800,46.22524,-98.07177,423.26,3.54676,1425.6873400000004,995.65
365,6477500,43.7764,-98.24566999999999,466.03,5.211,2013.0576400000004,1533.63
366,6479215,45.1808,-97.18619,569.24,6.43082,233.29768000000007,178.1
367,6479438,45.00608,-97.16508,554.25,5.06923,1266.9922100000003,798.69
368,6601000,42.32158,-96.48768000000001,415.2,9.0517,599.2162000000002,453.16
369,6614800,40.49609,-105.86501000000001,3296.83,145.84396,5.363930000000002,4.1
370,6622700,41.37024,-106.52058000000001,2837.34,71.34178,131.36970000000002,101.52
371,6623800,41.023579999999995,-106.82477,2970.51,90.87092,249.77546000000007,188.7
372,6632400,41.58525,-106.22278999999999,3001.56,69.03992,216.93969000000007,165.15
373,6746095,40.53998,-105.88278999999999,3370.38,121.42221,11.845900000000004,9.26
374,6784000,41.03244,-98.74053,790.29,7.87218,8012.273940000001,6386.88
375,6803510,40.89311,-96.68155,373.26,8.11686,150.77568000000005,118.28
376,6803530,41.0157,-96.54428,377.45,8.30034,412.2772500000001,309.72
377,6814000,39.94778,-96.10862,401.18,7.57575,950.1077300000003,717.29
378,6847900,39.76985,-100.10078,885.8,6.55023,2044.6688900000006,1539.16
379,6853800,39.89925,-98.25043000000001,559.13,6.65393,784.5313300000001,597.19
380,6876700,39.139070000000004,-97.83695999999999,448.53,8.37527,1406.1216400000003,1054.05
381,6878000,39.03111,-97.04029,393.93,6.597980000000001,1033.4150200000001,777.87
382,6879650,39.10195,-96.59521,402.0,11.67178,15.319810000000004,12.51
383,6885500,39.68192,-96.44289,394.81,8.30284,1414.6799700000001,1075.14
384,6888500,39.06265,-96.15025,412.34,10.57049,1121.1678500000003,842.52
385,6889200,39.23833,-95.8886,347.72,8.52093,513.3134600000002,406.48
386,6889500,39.09938,-95.72495,335.49,8.09609,996.3599800000003,766.03
387,6892000,39.11633,-95.01088,304.55,9.14485,1454.4103200000004,1091.6
388,6903400,40.95189,-93.25985,322.12,4.78235,640.7700200000002,483.0
389,6906800,38.70225,-92.97883,279.08,8.38096,1883.0322500000004,1411.96
390,6910800,38.567009999999996,-95.96163,376.84,6.45264,591.7626000000001,444.58
391,6911900,38.71069,-95.83603000000001,367.43,6.40301,390.0628600000001,291.33
392,6917000,38.01897,-94.71367,296.09,6.4432,1019.2531800000002,767.5
393,6918460,37.40237,-93.80203,372.29,8.23995,866.0683900000002,650.76
394,6919500,37.8342,-93.87549,304.29,6.03069,1423.3980200000003,1069.85
395,6921070,37.68265,-93.37033000000001,374.14,9.47519,948.4572900000003,716.88
396,6921200,37.75047,-93.26618,338.33,8.87458,430.73822000000007,328.76
397,6934000,38.38881,-91.81989,334.86,11.8533,11000.581900000003,8267.52
398,7014500,38.15853,-91.10846,330.14,11.88533,5118.360500000001,3851.18
399,7056000,35.98318,-92.74755,459.08,41.946999999999996,2860.798160000001,2147.73
400,7057500,36.62303,-92.24813,324.68,11.24276,1938.5216400000006,1456.46
401,7060710,35.99535,-92.21265,272.84,18.02579,199.68993000000006,152.36
402,7066000,37.15408,-91.35816,343.23,10.30686,1402.2085000000004,1050.66
403,7067000,36.99138,-91.01351,325.61,11.97771,5788.532310000002,4315.66
404,7068000,36.622,-90.84761999999999,293.5,12.0651,7079.043290000002,5312.93
405,7071500,36.64868,-91.20082,283.07,10.03191,2693.63787,2030.3
406,7083000,39.17221,-106.38918999999999,3457.46,158.91881999999998,80.87156000000002,66.28
407,7142300,37.871590000000005,-98.87614,677.58,4.76724,2422.3401400000007,1923.39
408,7145700,37.24955,-97.4039,393.17,3.99175,532.1471100000001,400.64
409,7148400,36.81503,-98.64814,545.41,9.72975,3386.7295000000013,2560.49
410,7149000,37.0392,-98.47021,558.82,8.313839999999999,3049.5872000000004,2263.93
411,7151500,37.12891,-97.60144,456.85,5.918480000000001,2807.0790000000006,2111.79
412,7167500,37.70821,-96.2236,383.36,10.919369999999999,425.4142200000001,321.12
413,7180500,38.19645,-96.82458000000001,442.86,4.64743,366.7038100000001,275.78
414,7184000,37.28125,-95.03267,280.99,3.4889099999999997,679.92804,514.82
415,7195800,36.25548,-94.43394,371.07,10.46386,50.88413,38.58
416,7196900,35.88008,-94.48661,430.12,35.12088,141.55185000000003,106.55
417,7197000,35.9212,-94.83856,348.86,21.68267,1076.0469500000002,807.51
418,7208500,36.37226,-104.97,2675.36,72.29899,211.92182000000005,159.69
419,7226500,35.43838,-103.52579,1587.35,17.562820000000002,6978.100250000001,5245.84
420,7261000,35.2988,-92.40393,197.55,14.380020000000002,593.3731100000001,455.94
421,7263295,34.8762,-92.77461,260.56,27.63587,158.42893000000007,119.08
422,7290650,32.01778,-90.87694,105.8,7.48765,2247.6996300000005,1694.61
423,7291000,31.503059999999998,-90.7775,129.13,7.60783,637.9483000000001,482.23
424,7292500,31.324720000000003,-91.10944,115.81,7.03828,2759.2827900000007,2076.55
425,7295000,31.226940000000003,-91.29556,95.88,6.82945,621.0179800000001,466.88
426,7299670,34.35452,-99.74037,497.04,6.820819999999999,1102.5471600000003,830.71
427,7301410,35.4731,-100.12095,787.71,10.700280000000001,1024.4307700000002,773.72
428,7301500,35.16811,-99.50731,841.43,9.12835,9164.028170000003,6885.01
429,7315200,33.81288,-98.08504,310.11,5.604509999999999,667.6562200000002,502.7
430,7315700,34.004259999999995,-97.56697,286.95,6.30245,1981.4463900000005,1491.41
431,7335700,34.63844,-94.61272,450.35,54.44576,136.52067000000002,104.13
432,7340300,34.37955,-94.23576,342.71,20.62376,306.70233000000013,252.13
433,7346045,32.77792,-94.35741999999999,103.75,7.44495,1277.6135900000004,963.16
434,7359610,34.38278,-93.60611,301.25,26.3835,455.5081300000001,342.43
435,7362100,33.37596,-92.77711,82.82,5.30737,1325.7824800000003,996.74
436,7362587,34.79759,-92.93351,287.49,26.09551,92.86387,70.92
437,7373000,31.53629,-92.40847,63.49,4.91804,174.60058000000006,134.29
438,7375000,30.616020000000002,-90.24869,54.03,3.81251,331.8848500000001,253.3
439,7376000,30.5038,-90.67732,64.48,3.5750599999999997,867.2929100000002,649.88
440,8013000,30.99602,-92.67375,75.95,4.567,1721.9013900000004,1300.18
441,8014500,30.69875,-92.89319,57.95,3.28615,1737.1546500000004,1325.02
442,8023080,31.979329999999997,-93.93408000000001,86.85,4.78985,249.7089100000001,198.91
443,8025500,31.307129999999997,-93.51573,95.89,6.861339999999999,509.79962000000006,382.74
444,8029500,30.818890000000003,-93.78556,78.75,5.08421,443.75540000000007,384.21
445,8050800,33.55455,-96.94723,229.09,5.75131,134.33783000000003,109.21
446,8066200,30.716309999999996,-94.95881999999999,86.8,6.98455,484.64372000000014,374.87
447,8066300,30.48139,-94.77972,67.47,4.66804,510.53167000000013,390.79
448,8070000,30.3366,-95.1041,84.67,5.61372,1119.4508600000001,844.7
449,8070200,30.145490000000002,-95.12438,71.08,4.64193,1316.8514700000003,1005.97
450,8079600,33.03843,-101.19763,952.69,5.15091,4457.452450000002,3512.25
451,8082700,33.32927,-99.46508,453.85,4.04181,367.4092400000001,276.84
452,8086212,32.7329,-99.14063,507.6,10.25442,2109.3954200000003,1590.1
453,8086290,32.64846,-99.00451,475.58,7.94291,975.5963800000003,733.37
454,8101000,31.28489,-97.88502,388.23,11.33266,1566.7201000000002,1184.49
455,8103900,30.91157,-98.03697,382.97,9.98524,114.46600000000002,86.26
456,8104900,30.62575,-97.69112,317.44,12.46897,456.02722000000017,347.91
457,8109700,30.33938,-96.9047,143.05,6.2489,812.0830300000001,621.67
458,8150800,30.643520000000002,-99.09588000000001,563.65,14.64471,742.0591200000002,562.13
459,8155200,30.29632,-97.92557,337.33,13.093,309.77694,241.48
460,8158700,30.082990000000002,-98.00779,367.97,13.35994,426.37254000000013,321.11
461,8158810,30.155490000000004,-97.94001,308.05,10.644689999999999,42.31249000000001,33.74
462,8164000,28.959979999999998,-96.68637,73.09,4.02264,2827.044000000001,2120.71
463,8164300,29.46691,-96.81276,102.72,5.75162,1146.7097400000002,865.38
464,8164600,28.891379999999998,-96.81915,37.19,1.8595599999999999,337.9675200000001,264.07
465,8165300,30.0641,-99.38699,669.21,10.299710000000001,580.3026900000002,439.98
466,8171300,29.97938,-97.91,379.23,13.979220000000002,1420.8025700000003,1073.92
467,8175000,29.21525,-97.44943,113.27,5.3832,1892.2294600000005,1425.27
468,8176900,28.86165,-97.22638,88.45,5.1182,1231.7606400000004,925.53
469,8178880,29.723840000000003,-99.07004,542.56,19.49002,1132.1219800000003,851.56
470,8189500,28.29195,-97.27916,67.31,4.02675,2406.8339900000005,1816.51
471,8190000,29.42857,-99.99729,567.77,17.307560000000002,2610.6633300000008,1923.12
472,8190500,29.47273,-100.23646,590.4,13.29277,2394.5887900000002,1800.66
473,8194200,27.965009999999996,-98.96696999999999,161.27,5.02405,1624.5919800000001,1233.44
474,8195000,29.488570000000003,-99.70478,578.2,20.773670000000003,1368.6539900000005,1009.88
475,8196000,29.50468,-99.78145,536.77,22.616629999999997,435.2103800000001,344.48
476,8198500,29.31431,-99.48047,439.45,15.828,831.0098500000003,640.76
477,8200000,29.569670000000002,-99.24671,464.34,21.009120000000003,331.56541000000004,249.16
478,8202700,29.370790000000003,-99.28782,399.03,15.73611,578.6522500000001,430.69
479,8267500,36.54169,-105.5564,3006.6,149.08403,128.12206000000003,96.83
480,8269000,36.43947,-105.50362,2791.36,117.24472,217.3123700000001,163.28
481,8271000,36.508359999999996,-105.53084,2722.86,141.28096000000002,58.25787000000001,46.39
482,8324000,35.66169,-106.74337,2459.47,74.75895,1607.7814500000004,1222.2
483,8377900,35.77725,-105.65807,3017.75,105.29076,185.04893000000007,139.08
484,8378500,35.70837,-105.68252,2965.23,104.53474,592.2417600000001,444.99
485,8380500,35.651990000000005,-105.3189,2523.15,74.8758,263.61786000000006,199.61
486,9034900,39.760259999999995,-105.9064,3571.18,102.75895,20.830150000000007,21.4
487,9035800,39.800540000000005,-106.02641000000001,3271.22,145.66646,30.533140000000007,22.91
488,9035900,39.79582,-106.03057,3240.75,123.91195,96.95004000000003,71.67
489,9047700,39.594429999999996,-105.97251999999999,3333.84,103.791,31.371670000000012,24.37
490,9065500,39.625820000000004,-106.27808,3350.1,112.77892,50.28518000000002,37.81
491,9066000,39.596379999999996,-106.26503000000001,3405.13,96.54414,43.13771,32.63
492,9066200,39.64832,-106.32308,3071.97,145.36852,21.42910000000001,16.12
493,9066300,39.64582,-106.38225,2943.62,143.8313,20.657120000000003,15.68
494,9081600,39.232209999999995,-107.22726999999999,2990.97,150.5766,576.1765900000001,436.88
495,9107000,38.86027,-106.5667,3300.29,103.42073,441.3862200000001,331.77
496,9210500,42.09605,-110.41656,2441.13,59.4828,530.1506100000001,398.5
497,9223000,42.110490000000006,-110.70962,2448.68,61.24655,443.42265000000015,333.85
498,9306242,39.92025,-108.47287,2245.09,61.015530000000005,109.12869000000002,87.7
499,9312600,39.87579,-111.03738999999999,2434.67,72.89216,259.93099000000007,198.56
500,9352900,37.4775,-107.54366999999999,3282.66,156.08833,250.42765000000009,187.74
501,9378170,37.84666,-109.36956,2308.2,67.67706,29.148900000000005,21.99
502,9378630,37.75555,-109.47651,2125.1,53.41526999999999,13.869020000000003,11.6
503,9386900,35.28253,-108.55341000000001,2341.65,37.39246,246.15514000000007,186.23
504,9404450,37.33943,-112.60438,2070.41,56.22302,256.8297600000001,195.91
505,9430500,33.06118,-108.53726999999999,2227.36,58.13208,6395.361830000003,4809.49
506,9430600,33.16673,-108.64978,2126.66,84.46138,253.5821200000001,190.68
507,9447800,32.95562,-109.53119,1395.31,59.507059999999996,1040.7887600000001,777.14
508,9480000,31.35538,-110.58953000000001,1564.07,40.835879999999996,284.00878000000006,269.19
509,9484000,32.31674,-110.81036999999999,1332.86,112.56283,137.95815000000005,98.65
510,9484600,32.03591,-110.67758,1347.5,44.72847,1570.0342900000003,1240.13
511,9492400,33.82227,-109.81454,2468.99,65.37777,171.65907000000004,128.97
512,9494000,33.73644,-110.16677,2153.94,50.88758,2167.1741300000003,1628.4
513,9497800,33.843109999999996,-110.55761000000001,1646.91,61.28144,999.3946600000003,751.77
514,9497980,33.82783,-110.85623000000001,1655.39,72.42905999999999,687.8608000000002,516.82
515,9505200,34.67474,-111.67209,1847.24,48.94088,380.2400800000001,287.44
516,9505350,34.728629999999995,-111.77571,1736.94,47.8232,486.6934600000002,369.89
517,9505800,34.53864,-111.69403999999999,1865.1,48.535740000000004,818.4851400000002,624.72
518,9508300,34.16087,-111.69292,1243.76,87.50629,123.78300000000003,97.86
519,9510200,33.69421,-111.5418,1034.93,92.82902,566.0876100000002,428.19
520,9512280,33.88726,-111.95403999999999,1040.23,77.535,251.17301000000006,190.65
521,9513780,33.9742,-112.09905,939.06,66.19504,236.21257000000006,190.97
522,10023000,41.60994,-111.25408999999999,2257.51,44.679359999999996,174.97326000000007,147.45
523,10166430,40.405229999999996,-112.1005,1578.7,56.14159,93.39627000000003,2534.49
524,10172700,39.97939,-112.38023000000001,1853.47,46.97007,93.07683000000003,259.82
525,10172800,40.49633,-112.5744,2085.87,135.90273,14.734170000000004,76.51
526,10173450,37.62276,-112.51688,2638.59,56.1341,357.41343000000006,281.68
527,10205030,38.91191,-111.53047,2489.29,76.20924000000001,179.15260000000004,150.92
528,10234500,38.28053,-112.56827,2498.74,95.20992,314.6750200000001,238.37
529,10242000,37.6722,-113.03466999999999,2035.16,59.788759999999996,277.76639000000006,1903.38
530,10244950,39.20154,-114.68916000000002,2404.47,101.13866,37.53420000000001,28.92
531,10249300,38.88743,-117.24537,2256.43,98.85646,66.81620000000002,609.0
532,10258000,33.80502,-116.55918,1371.26,176.36676,58.15139000000002,75.71
533,10258500,33.745020000000004,-116.53556999999999,1329.18,116.14195,321.44981,285.4
534,10259000,33.760020000000004,-116.55001999999999,1233.96,169.65242,29.894260000000006,23.66
535,10259200,33.63114,-116.39223,1139.91,154.44513,105.30872000000004,284.58
536,10263500,34.42083,-117.83951,1651.45,132.2003,79.14126000000003,310.25
537,10310500,39.113240000000005,-119.79823999999999,1900.8,119.20886999999999,52.56119000000002,47.65
538,10316500,40.69076,-115.477,2490.13,132.10335,86.22218000000004,90.88
539,10329500,41.534620000000004,-117.41791,1755.66,66.83605,604.9661200000002,513.84
540,10336645,39.05185,-120.11851999999999,2357.54,118.27441,26.087600000000005,20.09
541,10336660,39.107409999999994,-120.16214,2113.28,83.46391,39.66380000000001,32.46
542,10336740,39.06658,-119.93546,2117.98,81.49106,7.3737400000000015,7.94
543,10343500,39.43157,-120.23798000000001,2156.91,81.24778,36.73560000000001,27.34
544,10348850,39.35435,-119.85852,2041.6,136.2677,25.475340000000006,22.37
545,10396000,42.79083,-118.8675,1613.27,58.189409999999995,703.9525900000001,969.57
546,11098000,34.222229999999996,-118.17756999999999,595.39,109.96152,55.329670000000014,46.67
547,11124500,34.59666,-119.90875,679.8,87.84629,254.91312000000008,192.51
548,11141280,35.23553,-120.47238999999999,292.35,60.28846,71.88731000000001,56.05
549,11143000,36.2458,-121.77328999999999,764.03,138.61035,160.53191000000007,121.32
550,11148900,35.788579999999996,-121.09381,462.72,66.18997,536.9919500000001,386.02
551,11151300,36.26802,-121.0663,535.53,56.570530000000005,809.5541300000003,648.41
552,11162500,37.26078,-122.32886,349.51,68.54063000000001,158.21597000000003,119.2
553,11176400,37.56132,-121.68383999999999,701.12,78.77162,450.62336000000016,336.78
554,11180500,37.60605,-122.02385,47.25,26.34814,32.36992000000001,27.03
555,11180960,37.71771,-122.05441,130.05,33.1925,20.044860000000007,17.99
556,11224500,36.21468,-120.47071000000001,658.03,69.9558,329.3426400000001,325.24
557,11230500,37.33939,-118.97345,3020.86,151.16005,180.39043000000007,142.19
558,11237500,37.19856,-119.21373,2201.22,104.67149,79.62042000000002,65.21
559,11253310,36.40217,-120.43348999999999,802.17,88.1357,160.30564000000004,235.92
560,11264500,37.731590000000004,-119.55877,2632.87,131.06068,622.88138,472.3
561,11266500,37.71687,-119.66628,2512.58,140.1842,1108.8294800000003,836.15
562,11274500,37.315490000000004,-121.12521000000001,377.44,54.47513000000001,462.8552500000001,530.16
563,11274630,37.4866,-121.2091,517.24,57.74649,249.48264000000006,284.39
564,11284400,37.84187,-120.18491000000002,897.33,52.40447,55.52932000000001,41.7
565,11299600,37.961040000000004,-120.6152,300.42,40.72756,49.67292000000001,41.12
566,11381500,40.0546,-122.02415,941.68,70.5575,449.38553000000013,341.3
567,11383500,40.01405,-121.94832,1053.56,75.72221,718.4471800000001,634.08
568,11451100,39.16545,-122.61998999999999,740.46,103.93356999999999,206.42479000000006,155.47
569,11468500,39.42822,-123.73778999999999,276.08,45.14956,364.04181000000005,273.6
570,11473900,39.70627,-123.32529,1037.85,126.70666000000001,2562.1883100000005,1930.41
571,11475560,39.7296,-123.64391,592.58,90.33273,22.347490000000004,16.87
572,11476600,40.35125,-124.00393000000001,478.69,94.52911,95.63235000000002,72.28
573,11478500,40.48042,-123.89088000000001,757.76,122.52826,761.8377800000002,574.98
574,11480390,40.28431,-123.3353,1049.64,76.61899,322.90060000000005,243.15
575,11481200,41.01096,-124.08173000000001,285.23,71.42838,140.28740000000002,106.84
576,11482500,41.29929,-124.05118,546.99,114.46463,955.7112400000002,724.0
577,11522500,41.377629999999996,-123.47756000000001,1279.3,152.80074,2586.292720000001,1946.3
578,11523200,41.111259999999994,-122.70558,1614.41,139.34749,509.69314000000014,385.08
579,11528700,40.64986,-123.4942,1019.07,107.62195,2635.4864800000005,1982.54
580,11532500,41.7915,-124.07619,725.07,112.11076000000001,2100.2647600000005,1590.16
581,12010000,46.37399,-123.74348,145.18,47.2961,189.24158000000006,142.6
582,12013500,46.650929999999995,-123.65266000000001,309.17,61.57144,449.46539000000007,340.7
583,12020000,46.61732,-123.27763999999999,435.98,74.62586,391.60682000000014,296.74
584,12025000,46.6201,-122.94513,236.88,33.69605,538.9219,410.92
585,12025700,46.7726,-122.59401000000001,556.37,73.37021999999999,137.49230000000003,105.48
586,12035000,47.00065,-123.49488000000001,149.3,29.3479,1024.7369000000003,768.98
587,12040500,47.537859999999995,-124.31575,437.01,96.58145999999999,1535.2286400000003,1155.71
588,12041200,47.80675,-124.25103,754.0,127.74358000000001,872.8698,662.48
589,12043000,47.96008,-124.39299,378.73,72.9688,448.7998900000001,348.41
590,12048000,48.01426,-123.13268000000001,1263.46,183.83774,539.0683100000001,408.23
591,12054000,47.68398,-123.01155,776.86,174.79018,228.50608000000005,178.97
592,12056500,47.51426,-123.32988999999999,775.17,160.23748999999998,195.61707000000004,147.55
593,12073500,47.38926,-122.69901999999999,42.92,16.48391,20.856770000000004,15.82
594,12082500,46.75261,-122.08372,1036.22,122.55748,465.85000000000014,360.08
595,12092000,46.90372,-122.03511,1330.94,172.20201,320.6112800000001,241.13
596,12095000,47.13955,-122.09261000000001,757.39,103.55868000000001,273.9730400000001,233.35
597,12114500,47.34205,-121.54898999999999,852.5,129.6111,88.59136000000002,66.57
598,12115000,47.37011,-121.6251,900.07,130.41888,136.82680000000002,111.01
599,12115500,47.35066,-121.66316,752.9,132.31418,46.212320000000005,43.34
600,12117000,47.38649,-121.84622,640.53,116.02528999999998,59.69535000000002,45.22
601,12141300,47.48594,-121.64788,1068.4,165.09819,534.4098100000001,404.08
602,12143600,47.4526,-121.71788000000001,981.21,118.4332,219.62831000000003,165.04
603,12144000,47.49288,-121.79011000000001,881.0,132.22826,279.6564100000001,212.76
604,12145500,47.53982,-121.90899999999999,411.9,86.37572,105.12238000000004,83.89
605,12147500,47.71232,-121.78873,601.12,112.82133999999999,136.94659000000004,105.38
606,12147600,47.70677,-121.60011000000002,1067.53,159.37456,18.807030000000005,16.07
607,12167000,48.26149,-122.04763999999999,480.5,126.68987,910.0712500000003,691.88
608,12175500,48.67263,-121.0729,1538.75,245.56131000000002,364.45442,274.05
609,12178100,48.65596,-121.23846,1305.01,255.6884,92.74408000000004,72.6
610,12186000,48.16872,-121.47067,1226.29,172.55716,530.3236400000002,398.63
611,12189500,48.42456,-121.56846000000002,1206.01,197.12231,2469.4309200000007,1858.59
612,12358500,48.49524,-114.01012,1559.24,106.51262,3912.0618900000013,2916.98
613,12374250,47.82966,-114.69763,1379.76,104.39721,67.60149000000003,53.3
614,12375900,47.4916,-114.02677,1528.13,159.41846,26.247320000000006,19.73
615,12377150,47.322990000000004,-113.97955,1512.07,129.5993,42.83158000000002,32.39
616,12381400,47.19549,-113.85065,1876.96,102.16577,200.91445000000002,148.95
617,12383500,47.14743,-113.97426999999999,2041.03,116.4248,23.51877000000001,17.7
618,12388400,47.26632,-114.40678999999999,1636.58,117.08559,80.97804000000002,76.56
619,12390700,47.58605,-115.35515,1415.22,115.21011000000001,625.8761300000002,469.73
620,12411000,47.706109999999995,-115.97917,1145.85,92.51231999999999,1154.6158800000003,866.1
621,12414500,47.274640000000005,-116.18905,1381.41,104.37793,3565.709070000001,2660.37
622,12447390,48.82292,-120.14591999999999,1700.98,172.58264,77.33110000000002,58.4
623,12451000,48.32958,-120.69176999999999,1509.63,226.8667,1105.5286000000003,830.32
624,12488500,46.97762,-121.1687,1452.54,143.91948,273.0812700000001,206.11
625,13011500,43.85028,-110.51778,2400.71,78.5195,537.8304800000001,405.2
626,13011900,43.83806,-110.44111000000001,2683.38,93.91466,1133.7458000000001,848.0
627,13018300,43.45215,-110.70409,2197.93,109.51895,37.13490000000001,29.47
628,13023000,43.14278,-110.97667,2441.62,98.50956,1546.5288300000004,1163.72
629,13083000,42.16583,-113.98361000000001,1862.77,69.12091,177.26258000000007,181.85
630,13161500,41.933240000000005,-115.67453,2059.26,59.95146,1312.5390300000004,990.34
631,13235000,44.08528,-115.62222,2075.34,126.24587,1548.2591300000004,1158.47
632,13240000,44.91361,-115.99722,1965.35,110.07567,167.13367000000002,126.02
633,13310700,44.986940000000004,-115.725,1979.98,106.69118,1135.5160300000002,854.74
634,13313000,44.96167,-115.5,2155.6,111.17973,747.9421400000003,564.96
635,13331500,45.61987,-117.72658999999999,1654.85,126.58633,823.79583,619.11
636,13337000,46.15083,-115.58722,1548.18,120.82851000000001,4064.1020200000007,3052.66
637,13338500,46.08639,-115.97667,1418.36,110.2649,4028.937000000001,3025.65
638,13340000,46.47833,-116.2575,1457.99,113.85035,18991.932520000006,14270.76
639,13340600,46.84047,-115.6207,1417.79,109.15233,4464.999220000001,3354.61
640,14020000,45.71958,-118.32328999999999,1215.85,91.6649,454.4433300000001,343.46
641,14092750,44.75039,-121.6334,1597.68,155.84779,76.50588000000002,64.91
642,14096850,44.958729999999996,-121.39423000000001,958.51,46.78135,498.61922000000015,384.27
643,14137000,45.39956,-122.13731000000001,1054.8,110.72043000000001,897.4134400000003,676.44
644,14138800,45.45262,-121.89147,821.62,142.23871,28.336990000000007,21.83
645,14138870,45.48012,-122.02564,727.8,122.18566000000001,18.660620000000005,15.34
646,14138900,45.49429,-122.03591999999999,757.32,93.62395,28.856080000000006,21.99
647,14139800,45.444559999999996,-122.10953,641.0,126.93213,54.17170000000002,41.21
648,14141500,45.4154,-122.17148,652.09,96.70294,79.68697,60.33
649,14154500,43.73596,-122.8734,922.47,108.84718000000001,727.8041100000002,549.57
650,14158500,44.36095,-121.99562,1175.75,91.15405,315.55348000000004,122.9
651,14158790,44.33457,-122.04701000000001,1026.81,116.44111000000001,53.99867000000001,40.76
652,14166500,44.04984,-123.42621000000001,249.51,35.95163,301.4981200000001,238.14
653,14182500,44.791509999999995,-122.57897,719.95,106.83308999999998,381.7973500000001,292.89
654,14185000,44.39179,-122.49758,977.23,116.24833999999998,609.8375800000001,449.69
655,14185900,44.54012,-122.43591,823.79,121.31898000000001,343.6642000000001,258.38
656,14187000,44.37235,-122.62313999999999,794.8,114.68441999999999,179.35225000000005,137.76
657,14216500,46.07567,-121.9987,824.9,115.75916000000001,465.21112000000016,349.92
658,14222500,45.83678,-122.46621,485.85,77.2061,431.09759,329.05
659,14236200,46.59538,-122.45956000000001,490.53,97.48567,480.4776900000001,364.49
660,14301000,45.70399999999999,-123.7554,375.21,62.14889,2320.6517400000007,1745.19
661,14303200,45.32428,-123.5465,572.22,70.81645,10.727860000000003,8.07
662,14305500,44.71512,-123.88733,276.16,55.46804,700.5452300000003,526.41
663,14306340,44.2479,-123.63649,397.44,62.500980000000006,19.605630000000005,14.76
664,14306500,44.38595,-123.83178000000001,308.31,57.46785,1140.8799600000002,860.65
665,14308990,42.82318,-123.12588999999998,987.04,96.62676,223.28856000000005,171.31
666,14309500,42.803999999999995,-123.61091,709.83,110.42527,299.36852000000005,226.31
667,14316700,43.34984,-122.72894,952.26,119.0892,782.4949000000003,588.01
668,14325000,42.8915,-124.07065,656.53,124.96888999999999,589.7261700000001,444.92
669,14362250,42.15401,-123.07531999999999,875.67,109.93127,55.130020000000016,43.88
670,14400000,42.12344,-124.18731000000001,625.31,98.81801999999999,935.2005300000002,703.37
